Statement,Header,Название поля,Значение поля
Statement,Data,BrokerName,Interactive Brokers Central Europe Zrt.
Statement,Data,BrokerAddress,"Madach Imre ut 13-14, Floor 5, Budapest, 1075, Hungary"
Statement,Data,Title,Отчет по операциям
Statement,Data,Period,"Февраль 1, 2023 - Февраль 28, 2023"
Statement,Data,WhenGenerated,"2023-03-28, 14:12:28 EDT"
Информация о счете,Header,Название поля,Значение поля
Информация о счете,Data,Название счета,Anton Minkin
Информация о счете,Data,Счет,U11118072
Информация о счете,Data,Тип счета,Индивидуальный
Информация о счете,Data,Тип клиента,Индивидуальный
Информация о счете,Data,Возможности счета,Маржа
Информация о счете,Data,Базовая валюта,USD
Информация о счете,Data,Пароль MNB,001-SpCkacW79OXe
Чистая стоимость активов (NAV),Header,Класс актива,Прошлый итог,Текущие длинные позиции,Текущие короткие позиции,Текущий итог,Изменение
Чистая стоимость активов (NAV),Data,Наличные,18.921711849,199.123811207,0,199.123811207,180.202099358
Чистая стоимость активов (NAV),Data,Денежный залог,114,80,0,80,-34
Чистая стоимость активов (NAV),Data,Акция,982.1,807.5,0,807.5,-174.6
Чистая стоимость активов (NAV),Data,"Ценные бумаги, выданные в кредит",-114,0,-80,-80,34
Чистая стоимость активов (NAV),Data,Начисления дивидендов,1.47,0.67,0,0.67,-0.8
Чистая стоимость активов (NAV),Data,Всего,1002.491711849,1087.293811207,-80,1007.293811207,4.802099358
Чистая стоимость активов (NAV),Header,"Норма прибыли, взвешенная по времени"
Чистая стоимость активов (NAV),Data,0.479016365%
Изменение в NAV,Header,Название поля,Значение поля
Изменение в NAV,Data,Начальная стоимость,1002.491711849
Изменение в NAV,Data,Рыночная переоценка,6.7875
Изменение в NAV,Data,Дивиденды,1.31
Изменение в NAV,Data,Удерживаемый налог,-0.2
Изменение в NAV,Data,Изменения в начислениях дивидендов,-0.8
Изменение в NAV,Data,Другие сборы,-0.04
Изменение в NAV,Data,Комиссии,-2.25540064
Изменение в NAV,Data,Конечная стоимость,1007.293811207
Рыночная переоценка: отчет об эффективности,Header,Класс актива,Символ,Предыд. Количество,Текущ. Количество,Предыд. Цена,Текущ. Цена,Рыночная переоценка П/У Позиция,Рыночная переоценка П/У Транзакция,Рыночная переоценка П/У Комиссии,Рыночная переоценка П/У Другое,Рыночная переоценка П/У Всего,Код
Рыночная переоценка: отчет об эффективности,Data,Акции,FTCI,5,5,2.7500,3.0700,1.6,0,0,0,1.6,
Рыночная переоценка: отчет об эффективности,Data,Акции,GOOG,1,1,99.8700,90.3000,-9.57,0,0,0,-9.57,
Рыночная переоценка: отчет об эффективности,Data,Акции,IGLN,0,5,--,35.5950,-0.9075,0.275,-1.90040939,0,-2.53290939,
Рыночная переоценка: отчет об эффективности,Data,Акции,INTC,1,1,28.2600,24.9300,-3.33,0,0,0,-3.33,
Рыночная переоценка: отчет об эффективности,Data,Акции,META,2,0,148.9700,--,61.02,1.04,-0.35499125,0,61.70500875,
Рыночная переоценка: отчет об эффективности,Data,Акции,MU,1,1,60.3000,57.8200,-2.48,0,0,0,-2.48,
Рыночная переоценка: отчет об эффективности,Data,Акции,NIO,2,2,12.0700,9.3900,-5.36,0,0,0,-5.36,
Рыночная переоценка: отчет об эффективности,Data,Акции,PBR,14,14,11.6000,11.0900,-7.14,0,0,0,-7.14,
Рыночная переоценка: отчет об эффективности,Data,Акции,SOL,10,10,5.0600,4.5300,-5.3,0,0,0,-5.3,
Рыночная переоценка: отчет об эффективности,Data,Акции,VALE,7,7,18.6800,16.3400,-16.38,0,0,0,-16.38,
Рыночная переоценка: отчет об эффективности,Data,Акции,VIPS,2,2,15.4700,14.8900,-1.16,0,0,0,-1.16,
Рыночная переоценка: отчет об эффективности,Data,Акции,VZ,2,2,41.5700,38.8100,-5.52,0,0,1.11,-4.41,
Рыночная переоценка: отчет об эффективности,Data,Всего,,,,,,5.4725,1.315,-2.25540064,1.11,5.64209936,
Рыночная переоценка: отчет об эффективности,Data,Forex,USD,18.921711849,199.123811207,1.0000,1.0000,0,0,0,0,0,
Рыночная переоценка: отчет об эффективности,Data,Всего,,,,,,0,0,0,0,0,
Рыночная переоценка: отчет об эффективности,Data,Всего (все активы),,,,,,5.4725,1.315,-2.25540064,1.11,5.64209936,
Рыночная переоценка: отчет об эффективности,Data,Withholding on CYEP/Fees Received,,,,,,,,,,-0.2,
Рыночная переоценка: отчет об эффективности,Data,Другие сборы,,,,,,,,,,-0.04,
Общая П/У на отчетный период,,,,,,,,,,,,5.60209936,
Реализованная и нереализованная П/У: отчет об эффективности,Header,Класс актива,Символ,Коррект. стоимости,Реализованная Краткосроч. прибыль,Реализованная Краткосроч. убытки,Реализованная Долгосроч. прибылиь,Реализованная Долгосроч. убытки,Реализованная Всего,Нереализованная Краткосроч. прибыль,Нереализованная Краткосроч. убытки,Нереализованная Долгосроч. прибылиь,Нереализованная Долгосроч. убытки,Нереализованная Всего,Всего,Код
Реализованная и нереализованная П/У: отчет об эффективности,Data,Акции,FTCI,0,0,0,0,0,0,0,0,0,-22.466257,-22.466257,-22.466257,
Реализованная и нереализованная П/У: отчет об эффективности,Data,Акции,GOOG,0,0,0,0,0,0,0,-18.648857,0,0,-18.648857,-18.648857,
Реализованная и нереализованная П/У: отчет об эффективности,Data,Акции,IGLN,0,0,0,0,0,0,0,-2.532909,0,0,-2.532909,-2.532909,
Реализованная и нереализованная П/У: отчет об эффективности,Data,Акции,INTC,0,0,0,0,0,0,0,0,0,-25.291957,-25.291957,-25.291957,
Реализованная и нереализованная П/У: отчет об эффективности,Data,Акции,META,0,79.47414738,0,0,-65.52595263,13.94819475,0,0,0,0,0,13.94819475,
Реализованная и нереализованная П/У: отчет об эффективности,Data,Акции,MU,0,0,0,0,0,0,0,0,0,-28.028357,-28.028357,-28.028357,
Реализованная и нереализованная П/У: отчет об эффективности,Data,Акции,NIO,0,0,0,0,0,0,0,-5.868429,0,0,-5.868429,-5.868429,
Реализованная и нереализованная П/У: отчет об эффективности,Data,Акции,PBR,0,0,0,0,0,0,6.932743,-13.627057,0,0,-6.694314,-6.694314,
Реализованная и нереализованная П/У: отчет об эффективности,Data,Акции,SOL,0,0,0,0,0,0,0,0,0,-22.815459,-22.815459,-22.815459,
Реализованная и нереализованная П/У: отчет об эффективности,Data,Акции,VALE,0,0,0,0,0,0,9.050743,0,0,0,9.050743,9.050743,
Реализованная и нереализованная П/У: отчет об эффективности,Data,Акции,VIPS,0,0,0,0,0,0,0,0,3.88192,-0.966115,2.915805,2.915805,
Реализованная и нереализованная П/У: отчет об эффективности,Data,Акции,VZ,0,0,0,0,0,0,0,-22.728257,0,0,-22.728257,-22.728257,
Реализованная и нереализованная П/У: отчет об эффективности,Data,Всего,,0,79.47414738,0,0,-65.52595263,13.94819475,15.983486,-63.405509,3.88192,-99.568145,-143.108248,-129.16005325,
Реализованная и нереализованная П/У: отчет об эффективности,Data,Всего (все активы),,0,79.47414738,0,0,-65.52595263,13.94819475,15.983486,-63.405509,3.88192,-99.568145,-143.108248,-129.16005325,
Отчет о денежных средствах,Header,Валютная сводка,Валюта,Всего,
Отчет о денежных средствах,Data,Начальная сумма средств,Отчет по базовой валюте,18.921711849,
Отчет о денежных средствах,Data,Комиссии,Отчет по базовой валюте,-2.25540064,
Отчет о денежных средствах,Data,Дивиденды,Отчет по базовой валюте,1.31,
Отчет о денежных средствах,Data,Сделки (продажа),Отчет по базовой валюте,360,
Отчет о денежных средствах,Data,Сделки (покупка),Отчет по базовой валюте,-178.6125,
Отчет о денежных средствах,Data,Другие сборы,Отчет по базовой валюте,-0.04,
Отчет о денежных средствах,Data,Удерживаемый налог,Отчет по базовой валюте,-0.2,
Отчет о денежных средствах,Data,Остаток средств на конец периода,Отчет по базовой валюте,199.123811207,
Отчет о денежных средствах,Data,Конечная расчетная сумма средств,Отчет по базовой валюте,199.123811207,
Отчет о денежных средствах,Data,Состояние до денеж. залога,Отчет по базовой валюте,114,
Отчет о денежных средствах,Data,Операции с чист. кредитованными ценными бумагами,Отчет по базовой валюте,-34,
Отчет о денежных средствах,Data,Состояние после денеж. залога,Отчет по базовой валюте,80,
Отчет о денежных средствах,Data,Чистый остаток наличных средств,Отчет по базовой валюте,80,
Отчет о денежных средствах,Data,Чистый расчетный остаток наличных средств,Отчет по базовой валюте,279.123811207,
Открытые позиции,Header,DataDiscriminator,Класс актива,Валюта,Символ,Количество,Множ.,Цена за единицу,Базовая стоимость,Цена закрытия,Стоимость,Нереализованная П/У,Код
Открытые позиции,Data,Summary,Акции,USD,FTCI,5,1,7.5632514,37.816257,3.07,15.35,-22.466257,
Открытые позиции,Data,Summary,Акции,USD,GOOG,1,1,108.948857,108.948857,90.3,90.3,-18.648857,
Открытые позиции,Data,Summary,Акции,USD,IGLN,5,1,36.1025818,180.512909,35.595,177.98,-2.532909,
Открытые позиции,Data,Summary,Акции,USD,INTC,1,1,50.221957,50.221957,24.93,24.93,-25.291957,
Открытые позиции,Data,Summary,Акции,USD,MU,1,1,85.848357,85.848357,57.82,57.82,-28.028357,
Открытые позиции,Data,Summary,Акции,USD,NIO,2,1,12.3242145,24.648429,9.39,18.78,-5.868429,
Открытые позиции,Data,Summary,Акции,USD,PBR,14,1,11.568165286,161.954314,11.09,155.26,-6.694314,
Открытые позиции,Data,Summary,Акции,USD,SOL,10,1,6.8115459,68.115459,4.53,45.3,-22.815459,
Открытые позиции,Data,Summary,Акции,USD,VALE,7,1,15.047036714,105.329257,16.34,114.38,9.050743,
Открытые позиции,Data,Summary,Акции,USD,VIPS,2,1,13.4320975,26.864195,14.89,29.78,2.915805,
Открытые позиции,Data,Summary,Акции,USD,VZ,2,1,50.1741285,100.348257,38.81,77.62,-22.728257,
Открытые позиции,Total,,Акции,USD,,,,,950.608248,,807.5,-143.108248,
Данные о чистой позиции по акциям,Header,Класс актива,Валюта,Символ,Описание,Акции в IB,Взятые взаймы акции,Выданные в кредит акции,Все позиции ("нетто")
Данные о чистой позиции по акциям,Data,Акции,USD,FTCI,FTC SOLAR INC,5,0,-4,1
Данные о чистой позиции по акциям,Data,Акции,USD,GOOG,ALPHABET INC-CL C,1,0,0,1
Данные о чистой позиции по акциям,Data,Акции,USD,IGLN,ISHARES PHYSICAL GOLD ETC,5,0,0,5
Данные о чистой позиции по акциям,Data,Акции,USD,INTC,INTEL CORP,1,0,0,1
Данные о чистой позиции по акциям,Data,Акции,USD,MU,MICRON TECHNOLOGY INC,1,0,0,1
Данные о чистой позиции по акциям,Data,Акции,USD,NIO,NIO INC - ADR,2,0,0,2
Данные о чистой позиции по акциям,Data,Акции,USD,PBR,PETROLEO BRASILEIRO-SPON ADR,14,0,0,14
Данные о чистой позиции по акциям,Data,Акции,USD,SOL,EMEREN GROUP LTD,10,0,0,10
Данные о чистой позиции по акциям,Data,Акции,USD,VALE,VALE SA-SP ADR,7,0,-4,3
Данные о чистой позиции по акциям,Data,Акции,USD,VIPS,VIPSHOP HOLDINGS LTD - ADR,2,0,0,2
Данные о чистой позиции по акциям,Data,Акции,USD,VZ,VERIZON COMMUNICATIONS INC,2,0,0,2
Сделки,Header,DataDiscriminator,Класс актива,Валюта,Символ,Дата/Время,Количество,Цена транзакции,Цена закрытия,Выручка,Комиссия/плата,Базис,Реализованная П/У,Рыноч. переоценка П/У,Код
Сделки,Data,Order,Акции,USD,IGLN,"2023-02-21, 03:00:11",5,35.7225,35.7775,-178.6125,-1.900409392,180.512909392,0,0.275,O
Сделки,SubTotal,,Акции,USD,IGLN,,5,,,-178.6125,-1.900409392,180.512909392,0,0.275,
Сделки,Data,Order,Акции,USD,META,"2023-02-14, 13:02:17",-2,180,179.48,360,-0.35499125,-345.696814,13.948194,1.04,C
Сделки,SubTotal,,Акции,USD,META,,-2,,,360,-0.35499125,-345.696814,13.948194,1.04,
Сделки,Total,,Акции,USD,,,,,,181.3875,-2.255400642,-165.183904608,13.948194,1.315, 
Сборы/комиссии,Header,Subtitle,Валюта,Дата,Описание,Сумма
Сборы/комиссии,Data,Другие сборы,USD,2023-02-09,NIO(62914V106) Плата ADR USD 0.02 на акцию,-0.04
Сборы/комиссии,Data,Всего,,,,-0.04
Дивиденды,Header,Валюта,Дата,Описание,Сумма
Дивиденды,Data,USD,2023-02-01,VZ(US92343V1044) Наличный дивиденд USD 0.6525 на акцию (Обыкновенный дивиденд),1.31
Дивиденды,Data,Всего,,,1.31
Удерживаемый налог,Header,Валюта,Дата,Описание,Сумма,Код
Удерживаемый налог,Data,USD,2023-02-01,VZ(US92343V1044) Наличный дивиденд USD 0.6525 на акцию - US Налог,-0.2,
Удерживаемый налог,Data,Всего,,,-0.2,
Изменения в начислениях дивидендов,Header,Класс актива,Валюта,Символ,Дата,Экс-дивидендная дата,Дата выплаты,Количество,Налог,Платеж,Валовая ставка,Валовая сумма,Чистая сумма,Код
Изменения в начислениях дивидендов,Data,Начало начисления дивидендов вUSD,,,,,,,,,,,1.47,
Изменения в начислениях дивидендов,Data,Акции,USD,INTC,2023-02-03,2023-02-06,2023-03-01,1,0.06,0,0.365,0.37,0.31,Po
Изменения в начислениях дивидендов,Data,Акции,USD,VZ,2023-02-01,2023-01-09,2023-02-01,2,-0.2,0,0.6525,-1.31,-1.11,Re
Изменения в начислениях дивидендов,Data,Всего,,,,,,,-0.14,0,,-0.94,-0.8,
Изменения в начислениях дивидендов,Data,Окончание начисления дивидендов вUSD,,,,,,,,,,,0.67,
Выданные в кредит акции под управлением IBKR (Программа повышения доходности акций),Header,Класс актива,Валюта,Символ,Идентификатор транзакции,Количество,Чистая ставка вознаграждения (%),Сумма залога
Выданные в кредит акции под управлением IBKR (Программа повышения доходности акций),Data,Акции,USD,FTCI,SLB.78725672,-4,0.27,12
Выданные в кредит акции под управлением IBKR (Программа повышения доходности акций),Data,Акции,USD,VALE,SLB.78729563,-4,0.1,68
Выданные в кредит акции под управлением IBKR (Программа повышения доходности акций),Data,Всего,,,,,,80
Операции с выданными в кредит ценными бумагами под управлением IBKR (Программа повышения доходности акций),Header,Класс актива,Валюта,Символ,Дата,Описание, ,Идентификатор транзакции,Количество,Сумма залога
Операции с выданными в кредит ценными бумагами под управлением IBKR (Программа повышения доходности акций),Data,Акции,USD,FTCI,2023-02-08,Распределение новых займов, ,SLB.78059995,-2,6
Операции с выданными в кредит ценными бумагами под управлением IBKR (Программа повышения доходности акций),Data,Акции,USD,FTCI,2023-02-09,Распределение возврата займа, ,SLB.78059995,2,-6
Операции с выданными в кредит ценными бумагами под управлением IBKR (Программа повышения доходности акций),Data,Акции,USD,FTCI,2023-02-09,Распределение новых займов, ,SLB.78106960,-1,3
Операции с выданными в кредит ценными бумагами под управлением IBKR (Программа повышения доходности акций),Data,Акции,USD,FTCI,2023-02-10,Распределение возврата займа, ,SLB.78106960,1,-3
Операции с выданными в кредит ценными бумагами под управлением IBKR (Программа повышения доходности акций),Data,Акции,USD,FTCI,2023-02-13,Распределение новых займов, ,SLB.78199042,-1,3
Операции с выданными в кредит ценными бумагами под управлением IBKR (Программа повышения доходности акций),Data,Акции,USD,FTCI,2023-02-14,Распределение возврата займа, ,SLB.78199042,1,-3
Операции с выданными в кредит ценными бумагами под управлением IBKR (Программа повышения доходности акций),Data,Акции,USD,FTCI,2023-02-14,Распределение новых займов, ,SLB.78249125,-4,12
Операции с выданными в кредит ценными бумагами под управлением IBKR (Программа повышения доходности акций),Data,Акции,USD,FTCI,2023-02-15,Распределение возврата займа, ,SLB.78249125,4,-12
Операции с выданными в кредит ценными бумагами под управлением IBKR (Программа повышения доходности акций),Data,Акции,USD,FTCI,2023-02-15,Распределение новых займов, ,SLB.78295521,-3,9
Операции с выданными в кредит ценными бумагами под управлением IBKR (Программа повышения доходности акций),Data,Акции,USD,FTCI,2023-02-16,Распределение возврата займа, ,SLB.78295521,3,-9
Операции с выданными в кредит ценными бумагами под управлением IBKR (Программа повышения доходности акций),Data,Акции,USD,FTCI,2023-02-16,Распределение новых займов, ,SLB.78344783,-4,16
Операции с выданными в кредит ценными бумагами под управлением IBKR (Программа повышения доходности акций),Data,Акции,USD,FTCI,2023-02-17,Распределение возврата займа, ,SLB.78344783,4,-16
Операции с выданными в кредит ценными бумагами под управлением IBKR (Программа повышения доходности акций),Data,Акции,USD,FTCI,2023-02-17,Распределение новых займов, ,SLB.78392524,-5,15
Операции с выданными в кредит ценными бумагами под управлением IBKR (Программа повышения доходности акций),Data,Акции,USD,FTCI,2023-02-20,Распределение возврата займа, ,SLB.78392524,5,-15
Операции с выданными в кредит ценными бумагами под управлением IBKR (Программа повышения доходности акций),Data,Акции,USD,FTCI,2023-02-22,Распределение новых займов, ,SLB.78535206,-3,9
Операции с выданными в кредит ценными бумагами под управлением IBKR (Программа повышения доходности акций),Data,Акции,USD,FTCI,2023-02-23,Распределение возврата займа, ,SLB.78535206,3,-9
Операции с выданными в кредит ценными бумагами под управлением IBKR (Программа повышения доходности акций),Data,Акции,USD,FTCI,2023-02-23,Распределение новых займов, ,SLB.78570993,-3,9
Операции с выданными в кредит ценными бумагами под управлением IBKR (Программа повышения доходности акций),Data,Акции,USD,FTCI,2023-02-24,Распределение возврата займа, ,SLB.78570993,3,-9
Операции с выданными в кредит ценными бумагами под управлением IBKR (Программа повышения доходности акций),Data,Акции,USD,FTCI,2023-02-24,Распределение новых займов, ,SLB.78618543,-4,12
Операции с выданными в кредит ценными бумагами под управлением IBKR (Программа повышения доходности акций),Data,Акции,USD,FTCI,2023-02-27,Распределение возврата займа, ,SLB.78618543,4,-12
Операции с выданными в кредит ценными бумагами под управлением IBKR (Программа повышения доходности акций),Data,Акции,USD,FTCI,2023-02-27,Распределение новых займов, ,SLB.78664124,-2,6
Операции с выданными в кредит ценными бумагами под управлением IBKR (Программа повышения доходности акций),Data,Акции,USD,FTCI,2023-02-28,Распределение возврата займа, ,SLB.78664124,2,-6
Операции с выданными в кредит ценными бумагами под управлением IBKR (Программа повышения доходности акций),Data,Акции,USD,FTCI,2023-02-28,Распределение новых займов, ,SLB.78725672,-4,12
Операции с выданными в кредит ценными бумагами под управлением IBKR (Программа повышения доходности акций),Data,Акции,USD,VALE,2023-02-01,Распределение возврата займа, ,SLB.77792749,6,-114
Операции с выданными в кредит ценными бумагами под управлением IBKR (Программа повышения доходности акций),Data,Акции,USD,VALE,2023-02-01,Распределение новых займов, ,SLB.77833606,-6,120
Операции с выданными в кредит ценными бумагами под управлением IBKR (Программа повышения доходности акций),Data,Акции,USD,VALE,2023-02-02,Распределение возврата займа, ,SLB.77833606,6,-120
Операции с выданными в кредит ценными бумагами под управлением IBKR (Программа повышения доходности акций),Data,Акции,USD,VALE,2023-02-02,Распределение новых займов, ,SLB.77878219,-6,114
Операции с выданными в кредит ценными бумагами под управлением IBKR (Программа повышения доходности акций),Data,Акции,USD,VALE,2023-02-03,Распределение возврата займа, ,SLB.77878219,6,-114
Операции с выданными в кредит ценными бумагами под управлением IBKR (Программа повышения доходности акций),Data,Акции,USD,VALE,2023-02-03,Распределение новых займов, ,SLB.77927412,-5,95
Операции с выданными в кредит ценными бумагами под управлением IBKR (Программа повышения доходности акций),Data,Акции,USD,VALE,2023-02-06,Распределение возврата займа, ,SLB.77927412,5,-95
Операции с выданными в кредит ценными бумагами под управлением IBKR (Программа повышения доходности акций),Data,Акции,USD,VALE,2023-02-06,Распределение новых займов, ,SLB.77973755,-4,72
Операции с выданными в кредит ценными бумагами под управлением IBKR (Программа повышения доходности акций),Data,Акции,USD,VALE,2023-02-07,Распределение возврата займа, ,SLB.77973755,4,-72
Операции с выданными в кредит ценными бумагами под управлением IBKR (Программа повышения доходности акций),Data,Акции,USD,VALE,2023-02-07,Распределение новых займов, ,SLB.78029203,-5,90
Операции с выданными в кредит ценными бумагами под управлением IBKR (Программа повышения доходности акций),Data,Акции,USD,VALE,2023-02-08,Распределение возврата займа, ,SLB.78029203,5,-90
Операции с выданными в кредит ценными бумагами под управлением IBKR (Программа повышения доходности акций),Data,Акции,USD,VALE,2023-02-08,Распределение новых займов, ,SLB.78069272,-5,90
Операции с выданными в кредит ценными бумагами под управлением IBKR (Программа повышения доходности акций),Data,Акции,USD,VALE,2023-02-09,Распределение возврата займа, ,SLB.78069272,5,-90
Операции с выданными в кредит ценными бумагами под управлением IBKR (Программа повышения доходности акций),Data,Акции,USD,VALE,2023-02-09,Распределение новых займов, ,SLB.78116383,-5,90
Операции с выданными в кредит ценными бумагами под управлением IBKR (Программа повышения доходности акций),Data,Акции,USD,VALE,2023-02-10,Распределение возврата займа, ,SLB.78116383,5,-90
Операции с выданными в кредит ценными бумагами под управлением IBKR (Программа повышения доходности акций),Data,Акции,USD,VALE,2023-02-10,Распределение новых займов, ,SLB.78162202,-5,90
Операции с выданными в кредит ценными бумагами под управлением IBKR (Программа повышения доходности акций),Data,Акции,USD,VALE,2023-02-13,Распределение возврата займа, ,SLB.78162202,5,-90
Операции с выданными в кредит ценными бумагами под управлением IBKR (Программа повышения доходности акций),Data,Акции,USD,VALE,2023-02-13,Распределение новых займов, ,SLB.78208573,-5,85
Операции с выданными в кредит ценными бумагами под управлением IBKR (Программа повышения доходности акций),Data,Акции,USD,VALE,2023-02-14,Распределение возврата займа, ,SLB.78208573,5,-85
Операции с выданными в кредит ценными бумагами под управлением IBKR (Программа повышения доходности акций),Data,Акции,USD,VALE,2023-02-14,Распределение новых займов, ,SLB.78253491,-5,90
Операции с выданными в кредит ценными бумагами под управлением IBKR (Программа повышения доходности акций),Data,Акции,USD,VALE,2023-02-15,Распределение возврата займа, ,SLB.78253491,5,-90
Операции с выданными в кредит ценными бумагами под управлением IBKR (Программа повышения доходности акций),Data,Акции,USD,VALE,2023-02-15,Распределение новых займов, ,SLB.78305384,-5,90
Операции с выданными в кредит ценными бумагами под управлением IBKR (Программа повышения доходности акций),Data,Акции,USD,VALE,2023-02-16,Распределение возврата займа, ,SLB.78305384,5,-90
Операции с выданными в кредит ценными бумагами под управлением IBKR (Программа повышения доходности акций),Data,Акции,USD,VALE,2023-02-16,Распределение новых займов, ,SLB.78354351,-5,90
Операции с выданными в кредит ценными бумагами под управлением IBKR (Программа повышения доходности акций),Data,Акции,USD,VALE,2023-02-17,Распределение возврата займа, ,SLB.78354351,5,-90
Операции с выданными в кредит ценными бумагами под управлением IBKR (Программа повышения доходности акций),Data,Акции,USD,VALE,2023-02-17,Распределение новых займов, ,SLB.78401556,-5,90
Операции с выданными в кредит ценными бумагами под управлением IBKR (Программа повышения доходности акций),Data,Акции,USD,VALE,2023-02-20,Распределение возврата займа, ,SLB.78401556,5,-90
Операции с выданными в кредит ценными бумагами под управлением IBKR (Программа повышения доходности акций),Data,Акции,USD,VALE,2023-02-20,Распределение новых займов, ,SLB.78434839,-5,90
Операции с выданными в кредит ценными бумагами под управлением IBKR (Программа повышения доходности акций),Data,Акции,USD,VALE,2023-02-21,Распределение возврата займа, ,SLB.78434839,5,-90
Операции с выданными в кредит ценными бумагами под управлением IBKR (Программа повышения доходности акций),Data,Акции,USD,VALE,2023-02-21,Распределение новых займов, ,SLB.78493016,-4,72
Операции с выданными в кредит ценными бумагами под управлением IBKR (Программа повышения доходности акций),Data,Акции,USD,VALE,2023-02-22,Распределение возврата займа, ,SLB.78493016,4,-72
Операции с выданными в кредит ценными бумагами под управлением IBKR (Программа повышения доходности акций),Data,Акции,USD,VALE,2023-02-22,Распределение новых займов, ,SLB.78539458,-6,108
Операции с выданными в кредит ценными бумагами под управлением IBKR (Программа повышения доходности акций),Data,Акции,USD,VALE,2023-02-23,Распределение возврата займа, ,SLB.78539458,6,-108
Операции с выданными в кредит ценными бумагами под управлением IBKR (Программа повышения доходности акций),Data,Акции,USD,VALE,2023-02-23,Распределение новых займов, ,SLB.78580811,-5,90
Операции с выданными в кредит ценными бумагами под управлением IBKR (Программа повышения доходности акций),Data,Акции,USD,VALE,2023-02-24,Распределение возврата займа, ,SLB.78580811,5,-90
Операции с выданными в кредит ценными бумагами под управлением IBKR (Программа повышения доходности акций),Data,Акции,USD,VALE,2023-02-24,Распределение новых займов, ,SLB.78627978,-5,90
Операции с выданными в кредит ценными бумагами под управлением IBKR (Программа повышения доходности акций),Data,Акции,USD,VALE,2023-02-27,Распределение возврата займа, ,SLB.78627978,5,-90
Операции с выданными в кредит ценными бумагами под управлением IBKR (Программа повышения доходности акций),Data,Акции,USD,VALE,2023-02-27,Распределение новых займов, ,SLB.78674144,-5,85
Операции с выданными в кредит ценными бумагами под управлением IBKR (Программа повышения доходности акций),Data,Акции,USD,VALE,2023-02-28,Распределение возврата займа, ,SLB.78674144,5,-85
Операции с выданными в кредит ценными бумагами под управлением IBKR (Программа повышения доходности акций),Data,Акции,USD,VALE,2023-02-28,Распределение новых займов, ,SLB.78729563,-4,68
Операции с выданными в кредит ценными бумагами под управлением IBKR (Программа повышения доходности акций),Data,Всего,,,,,,,,,-34
Операции с выданными в кредит ценными бумагами под управлением IBKR (Программа повышения доходности акций),Notes,"Важное примечание. На транзакции, связанные с выдачей ваших полностью оплаченных ценных бумаг или ценных бумаг с избыточной маржей в кредит, не распространяется страхование IPF (англ. Investor Protection Fund, ""Фонд защиты инвесторов""). Поэтому в случае, если Interactive Brokers Central Europe (IBCE) не сможет вернуть ценные бумаги, для вас может быть доступен только денежный залог, перечисленный IBCE (отображен выше). Обязательства IPF по возмещению ущерба инвесторам определяются законом CXX 2001 г. о рынке капитала."
Информация о финансовом инструменте,Header,Класс актива,Символ,Описание,ID контракта,Идентификатор ценной бумаги,Биржа,Множитель,Тип,Код
Информация о финансовом инструменте,Data,Акции,FTCI,FTC SOLAR INC,484596176,US30320C1036,NASDAQ,1,COMMON,
Информация о финансовом инструменте,Data,Акции,GOOG,ALPHABET INC-CL C,208813720,US02079K1079,NASDAQ,1,COMMON,
Информация о финансовом инструменте,Data,Акции,IGLN,ISHARES PHYSICAL GOLD ETC,86656182,IE00B4ND3602,LSEETF,1,ETF,
Информация о финансовом инструменте,Data,Акции,INTC,INTEL CORP,270639,US4581401001,NASDAQ,1,COMMON,
Информация о финансовом инструменте,Data,Акции,META,META PLATFORMS INC-CLASS A,107113386,US30303M1027,NASDAQ,1,COMMON,
Информация о финансовом инструменте,Data,Акции,MU,MICRON TECHNOLOGY INC,9939,US5951121038,NASDAQ,1,COMMON,
Информация о финансовом инструменте,Data,Акции,NIO,NIO INC - ADR,332794741,US62914V1061,NYSE,1,ADR,
Информация о финансовом инструменте,Data,Акции,PBR,PETROLEO BRASILEIRO-SPON ADR,10828168,US71654V4086,NYSE,1,ADR,
Информация о финансовом инструменте,Data,Акции,SOL,EMEREN GROUP LTD,264402150,US75971T3014,NYSE,1,ADR,
Информация о финансовом инструменте,Data,Акции,VALE,VALE SA-SP ADR,60581038,US91912E1055,NYSE,1,ADR,
Информация о финансовом инструменте,Data,Акции,VIPS,VIPSHOP HOLDINGS LTD - ADR,104863799,US92763W1036,NYSE,1,ADR,
Информация о финансовом инструменте,Data,Акции,VZ,VERIZON COMMUNICATIONS INC,4901,US92343V1044,NYSE,1,COMMON,
Коды,Header,Код,Значение,Код (Прод.),Значение (Прод.)
Коды,Data,A,Переуступка прав
Коды,Data,ADR,Начисления платы за ADR
Коды,Data,AEx,Автоматическое исполнение дивидендной рекомендации.
Коды,Data,AFx,AutoFX conversion resulting from trading
Коды,Data,Adj,Корректировка
Коды,Data,Al,Распределение
Коды,Data,Aw,Удаленная сделка
Коды,Data,B,Автоматическая закупка
Коды,Data,Bo,Непосредственное заимствование
Коды,Data,C,Сделка закрытия
Коды,Data,CD,Поставка наличности
Коды,Data,CP,Комплексная позиция
Коды,Data,Ca,Отмена
Коды,Data,Co,Скорректированная сделка
Коды,Data,Cx,"Данная транзакция была полностью или частично выполнена в качестве кросс-сделки, в которой компания IB выступала в роли двойного агента для двух своих клиентов."
Коды,Data,ETF,Создание/выплата ETF
Коды,Data,Ep,Результат истекшей позиции
Коды,Data,Ex,Исполнение
Коды,Data,FP,"IB выступила в качестве агента для дробной части этой сделки, которая была исполнена аффилированным лицом IB, выступившем в роли принципала."
Коды,Data,FPA,"IB выступила в качестве агента для дробной и целой части сделки; дробная часть была исполнена аффилированным лицом IB, выступившем в роли принципала."
Коды,Data,G,Сделка в сегменте гарантированного счета
Коды,Data,GEA,Исполнение или переуступка прав в результате смещения позиций
Коды,Data,HC,Выбор налоговой базы "Наивысшая стоимость" (Highest Cost)
Коды,Data,HFI,Перевод инвестиций в хедж-фонд
Коды,Data,HFR,Изъятие средств из хедж-фонда
Коды,Data,I,Внутренний перевод
Коды,Data,IA,Данная транзакция была выполнена через аффилированное лицо IB
Коды,Data,INV,Перевод инвестиции от Инвестора
Коды,Data,IPO,"Данная транзакция была исполнена в процессе IPO (первичного размещения), при котором компания IB входила в группу, размещающую ценные бумаги; операция классифицируется как торговля за свой счет."
Коды,Data,L,Приказано IB (нарушение маржи)
Коды,Data,LD,Корректировка отказом от потерь (Loss Disallowed) при фиктивной операции
Коды,Data,LI,"Выбор налоговой базы Last In, First Out (LIFO)"
Коды,Data,LT,П/У долгосрочных
Коды,Data,Lo,Непосредственное кредитование
Коды,Data,M,Введено IB вручную
Коды,Data,MEx,Исполнение дивидендной рекомендации вручную.
Коды,Data,ML,Выбор налоговой базы "Максимизация убытков" (Maximize Losses)
Коды,Data,MLG,Выбор налоговой базы "Максимизация долгосрочной прибыли" (Maximize Long Term Gain)
Коды,Data,MLL,Выбор налоговой базы "Максимизация долгосрочных убытков" (Maximize Long Term Loss)
Коды,Data,MSG,Выбор налоговой базы "Максимизация краткосрочной прибыли" (Maximize Short Term Gain)
Коды,Data,MSL,Выбор налоговой базы "Максимизация краткосрочных убытков" (Maximize Short Term Loss)
Коды,Data,O,Сделка открытия
Коды,Data,P,Частичное исполнение
Коды,Data,PI,Улучшение цены
Коды,Data,Po,Занесение данных о начислении процентов или дивидендов
Коды,Data,Pr,"Данная транзакция была полностью или частично выполнена биржей как кросс-сделка между IB и ее аффилированным лицом и поэтому классифицируется в качестве сделки принципала, а не агента."
Коды,Data,R,Реинвестиция дивидендов
Коды,Data,RED,Выплата инвестору
Коды,Data,RI,Регулярное вложение
Коды,Data,RP,"В этой сделке IB выступила в роли агента для дробной части акций, которая была исполнена аффилированным лицом IB, выступившем в роли принципала без риска."
Коды,Data,RPA,"В этой сделке IB выступила в роли агента для дробной и целой части акций; дробная часть была исполнена аффилированным лицом IB, выступившем в роли принципала без риска."
Коды,Data,Re,Возврат начислений процентов или дивидендов
Коды,Data,Ri,Рамбурсирование
Коды,Data,SI,Данный ордер был запрошен Interactive Brokers
Коды,Data,SL,Выбор налоговой базы "Отдельный лот" (Specific Lot)
Коды,Data,SO,Данный ордер был отмечен как "по ходатайству" вашим представляющим брокером
Коды,Data,SS,"Клиент назначил сокращенные расчетные сроки для данной сделки, поэтому она подлежит исполнению по ценам, превышающим преобладающие на рынке"
Коды,Data,ST,П/У краткосрочных
Коды,Data,T,Перевод
Коды,Data,Un,Акции сотрудника без права владения
Информация/Правовая информация,Header,Тип,Примечание
Информация/Правовая информация,Data,Примечания,"Расчет большинства транзакций на фондовых биржах производится через два рабочих дня от даты сделки. Расчет биржевых транзакций с опционами, фьючерсами и взаимными фондами открытого типа производится через один рабочий день от даты сделки. (В случае с прочими видами сделок и некоторыми биржами расчетные периоды могут варьироваться.) Конечная расчетная сумма средств отражает действительный денежный расчет. "
Информация/Правовая информация,Data,Примечания,Начальные и минимальные маржинальные требования доступны в окне счета в Trader Workstation.
Информация/Правовая информация,Data,Примечания,Количества со знаком "-" обозначают сделки продаж. Остальные сделки - покупки.
Информация/Правовая информация,Data,Примечания,"IB выступает в качестве агента при исполнении дробной части ордера. В некоторых случаях IB направляет дробную часть ордера  к своему аффилированному лицу, которое может исполнить дробную часть ордера в качестве принципала. В этом случае это отображается в коде сделки. Если аффилированное лицо IB выступает в качестве принципала при исполнении любой дробной части вашего ордера, он будет исполнен по цене, находящейся во время исполнения на противоположной стороне NBBO от вашего ордера (предложение, если вы покупаете, и бид, если продаете). Если аффилированное лицо IB выступает в качестве принципала без риска при выполнении дробной части вашего ордера, то оно исполнит эту часть ордера по цене, которую получит для исполнения части с целыми акциями."
Информация/Правовая информация,Data,Примечания,"В случае частичного исполнения, комиссии выплачиваются за общее количество первоначального ордера. Комиссия отображается только для первого частичного исполнения."
Информация/Правовая информация,Data,Примечания,Each closed lot indicated above with a reference to note (6) was chosen by the end of the trading day to be sold versus the specific opening purchase identified in that row.
Информация/Правовая информация,Data,Примечания,Время исполнения сделок показано по восточному времени.
Информация/Правовая информация,Data,Примечания,Список товарных сборов за осуществление распорядительных функций (Regulatory Fees) для ваших транзакций доступнен на сайте IB по ссылке www.interactivebrokers.com/en/accounts/fees/exchangeAndRegulatoryFees.php.
Информация/Правовая информация,Data,Примечания,"Ставка по займу отражает стоимость займа акций, выраженную в виде годового процента. Она применяется к сумме денежного залога по контракту о займе и действует отдельно от любых процентных ставок по кредитным денежным балансам. Аналогичным образом ставка по кредиту отражает выгоду от выдачи акций в кредит. Положительная ставка говорит о сборе, взимаемого с заемщика, и выплате, получаемой кредитором, а отрицательная - о выплате заемщику/сборе с кредитора. Обычно ставки по акциям, которые сложнее найти для займа (hard-to-borrow), выше, чем у легкодоступных."
Информация/Правовая информация,Data,Примечания,"Ставка по залоговому обесп. клиента отражает процент, который выплачивается по залогу, помещенному на счет клиента и получаемому при выдаче акций в кредит. Положительный показатель говорит о выгоде, извлекаемой заимодавцем."
Информация/Правовая информация,Data,Примечания,"Цены закрытия в данном отчете по операциям ориентировочны и могут исходить из сторонних источников. Interactive Brokers не гарантирует точность цен, предоставленных сторонними источниками. Из-за разницы в часовых поясах цены закрытия некоторых неамериканских взаимных фондов могут стать известны уже после составления выписки по операциям, поэтому она будет отражать цены закрытия таких фондов за прошлый день."
Информация/Правовая информация,Data,Примечания,Все рыночные данные и исследования предоставляются службой Global Financial Information Services (GmbH).
Информация/Правовая информация,Data,Примечания,"Рыночные данные предоставлены службой глобальной финансовой информации ""Global Financial Information Services (GmbH)"". Ваш брокер собирает плату за комиссии и налоговые сборы за эти данные в пользу Global Financial Information Services (GmbH). Обращаем ваше внимание, что вы несете ответственность за любые налоговые сборы, применимые в связи с предоставлением данных услуг."
Информация/Правовая информация,Data,Примечания,"Директива 2014/65/EU и меры ее реализации (MiFID II) применяются ко всем средствам и финансовым инструментам клиентов (""Активам клиентов""), указанным в данной выписке, кроме тех Активов клиентов, которые не относятся к обособленным активам, а именно ценные бумаги, выдаваемые в кредит по ""Программе повышения доходности акций"", указанные в разделе ""Выданные в кредит акции под управлением IBKR"" данной выписки, и Активы клиентов, отмеченные как необособленные в разделе ""Залог для клиентского займа"" данной выписки. IBCE применяет положения о защите Активов клиентов согласно MiFID II к средствам и инструментам, не подпадающим под действие MiFID II, так же, как применяет эти положения к Активам клиентов."
Информация/Правовая информация,Data,Информация о фиксированном доходе,"Право досрочного выкупа облигаций или привилегированных акций может повлиять на доходность. В случае с ценными бумагами с нулевым купоном, сложным процентом или мультипликатором, периодические выплаты не производятся и ценные бумаги могут быть отозваны по цене ниже суммы погашения без уведомления держателя (если он(а) не зарегистрирован(-а)). В случае с ценными бумагами, обеспеченными активами, фактический доход может варьироваться в зависимости от скорости предоплаты по андерлаинговой облигации. За более подробной информацией о доходности облигаций обратитесь в службу поддержки IB по адресу: help@interactivebrokers.com. Если данной долговой ценной бумаге не присвоен рейтинг какой-либо национально признанной статистической рейтинговой организацией, с ней может быть сопряжен высокий риск дефолта. Обратитесь к финансовому консультанту, чтобы определить, подходят ли для вашего портфеля облигации без рейтинга с учетом ваших целей и финансовых обстоятельств. Сборы, взимаемые площадками торговли облигациями, включены в стоимость транзакций."
Информация/Правовая информация,Data,Правовая информация,"Незамедлительно сообщите в Interactive Brokers Central Europe Zrt. (""IBCE"") о любых неточностях или расхождениях в данном отчете или на вашем счете. Вы можете обратиться в службу поддержки IBCE с помощью онлайн-формы на сайте interactivebrokers.hu. Вы также можете связаться с IBCE по телефону +36 80 088 400, но в этом случае вам также будет необходимо подтвердить свое устное обращение в письменной форме для защиты своих прав, в т.ч. прав, обеспечиваемых Tpt. (a tökepiacról szóló 2001. évi CXX. törvény, законом CXX 2001 г. о рынке капитала)."
Информация/Правовая информация,Data,Правовая информация,"Если не оговорено иное, IBCE выступала в качестве агента при исполнении упомянутых транзакций. IBCE может исполнять ваши сделки через аффилированных лиц или сторонних брокеров, которые являются участниками соответствующей биржи или рыночного центра. Для хранения финансовых инструментов IBCE использует аффилированные компании Interactive Brokers LLC (""IBLLC"") и Interactive Brokers (U.K.) Limited."
Информация/Правовая информация,Data,Правовая информация,"В сделках с иностранной валютой и CFD IBCE выступает в роли агента или принципала без риска. Подобные транзакции исполняются через аффилированные компании IBCE или третьи лица, которые служат принципалом и могут иметь длинные или короткие позиции, а также получать прибыль или нести убытки в связи с транзакцией."
Информация/Правовая информация,Data,Правовая информация,"IBCE направляет ордера с продуктами США через аффилированное лицо в США – Interactive Brokers LLC (""IBLLC""). В случае с определенными ордерами с акциями США, IBLLC принимает рибейты ликвидности или иную плату за поток ордеров от альтернативных торговых систем (ATS), маркет-мейкеров или бирж. IBLLC получает плату за некоторые ордера на опционы США в соответствии с комиссионными программами, установленными биржей, и прочими соглашениями."
Информация/Правовая информация,Data,Правовая информация,Просим незамедлительно оповестить IB-CE о любых существенных изменениях ваших инвестиционных целей или финансового положения.
Информация/Правовая информация,Data,Правовая информация,Последний финансовый отчет IBCE доступен для ознакомления на сайте interactivebrokers.hu или в офисах компании. Мы также можем отправить его вам по почте по письменному запросу.
Информация/Правовая информация,Data,Правовая информация,IBCE является участником Фонда защиты инвесторов (BEVA). Как страховой фонд BEVA обеспечивает защиту от банкротства брокер-дилера. Максимальное покрытие BEVA для инвестора составляет 100 000 EUR.
Информация/Правовая информация,Data,Правовая информация,Общие правила ведения бизнеса и клиентские соглашения IBCE доступны на сайте interactivebrokers.hu
Информация/Правовая информация,Data,Правовая информация,Interactive Brokers Central Europe Zrt. регулируется центробанком Венгрии – MNB.
